YEAR,GEO_ID,TRACT,CITY,COUNTY,STATE,ABBREV_NAME,B19013_001E,B19013_001M,B19013A_001E,B19013A_001M,B19013B_001E,B19013B_001M,B19013C_001E,B19013C_001M,B19013D_001E,B19013D_001M,B19013E_001E,B19013E_001M,B19013F_001E,B19013F_001M,B19013G_001E,B19013G_001M,B19013H_001E,B19013H_001M,B19013I_001E,B19013I_001M,B19013_001E_string,B19013_001M_string,B19013A_001E_string,B19013A_001M_string,B19013B_001E_string,B19013B_001M_string,B19013C_001E_string,B19013C_001M_string,B19013D_001E_string,B19013D_001M_string,B19013E_001E_string,B19013E_001M_string,B19013F_001E_string,B19013F_001M_string,B19013G_001E_string,B19013G_001M_string,B19013H_001E_string,B19013H_001M_string,B19013I_001E_string,B19013I_001M_string
2010,6037504102,Census Tract 5041.02,Cerritos,Los Angeles County,California,Cerritos,,,,,,,,,,,,,,,,,,,,,,,,,,,,,,,,,,,,,,,,
2010,6037553000,Census Tract 5530,Cerritos,Los Angeles County,California,Cerritos,91884.0,17229.0,83659.0,21663.0,71087.0,148112.0,,,170895.0,123267.0,,,99150.0,22186.0,196303.0,43971.0,70202.0,19478.0,93066.0,15291.0,$91884,$17229,$83659,$21663,$71087,$148112,,,$170895,$123267,,,$99150,$22186,$196303,$43971,$70202,$19478,$93066,$15291
2010,6037554511,Census Tract 5545.11,Cerritos,Los Angeles County,California,Cerritos,140748.0,35811.0,133133.0,35544.0,171574.0,33324.0,,,127694.0,55416.0,,,,,312417.0,189341.0,132200.0,30034.0,197464.0,150416.0,$140748,$35811,$133133,$35544,$171574,$33324,,,$127694,$55416,,,,,$312417,$189341,$132200,$30034,$197464,$150416
2010,6037554512,Census Tract 5545.12,Cerritos,Los Angeles County,California,Cerritos,143073.0,15945.0,115489.0,39396.0,68334.0,84474.0,,,148444.0,10021.0,,,104578.0,185064.0,,,116847.0,58844.0,113761.0,81752.0,$143073,$15945,$115489,$39396,$68334,$84474,,,$148444,$10021,,,$104578,$185064,,,$116847,$58844,$113761,$81752
2010,6037554513,Census Tract 5545.13,Cerritos,Los Angeles County,California,Cerritos,123545.0,18935.0,103043.0,66468.0,86111.0,31167.0,303965.0,356479.0,138554.0,29984.0,,,70503.0,74836.0,,,84740.0,79979.0,95234.0,83440.0,$123545,$18935,$103043,$66468,$86111,$31167,$303965,$356479,$138554,$29984,,,$70503,$74836,,,$84740,$79979,$95234,$83440
2010,6037554514,Census Tract 5545.14,Cerritos,Los Angeles County,California,Cerritos,90561.0,10815.0,76702.0,24554.0,95932.0,26077.0,,,94418.0,11357.0,85661.0,22066.0,80988.0,85162.0,115698.0,2960.0,70503.0,32021.0,78897.0,23861.0,$90561,$10815,$76702,$24554,$95932,$26077,,,$94418,$11357,$85661,$22066,$80988,$85162,$115698,$2960,$70503,$32021,$78897,$23861
2010,6037554515,Census Tract 5545.15,Cerritos,Los Angeles County,California,Cerritos,141408.0,35541.0,107754.0,15660.0,92678.0,193623.0,,,168375.0,14004.0,,,149684.0,180750.0,,,107325.0,16196.0,118492.0,71144.0,$141408,$35541,$107754,$15660,$92678,$193623,,,$168375,$14004,,,$149684,$180750,,,$107325,$16196,$118492,$71144
2010,6037554516,Census Tract 5545.16,Cerritos,Los Angeles County,California,Cerritos,152925.0,32157.0,188830.0,96984.0,120670.0,70936.0,,,142649.0,43005.0,,,243071.0,119848.0,,,224229.0,113504.0,164910.0,165105.0,$152925,$32157,$188830,$96984,$120670,$70936,,,$142649,$43005,,,$243071,$119848,,,$224229,$113504,$164910,$165105
2010,6037554517,Census Tract 5545.17,Cerritos,Los Angeles County,California,Cerritos,126238.0,27281.0,63765.0,36519.0,297866.0,127922.0,,,143686.0,20256.0,,,58753.0,82085.0,126803.0,170713.0,72827.0,36691.0,48509.0,35978.0,$126238,$27281,$63765,$36519,$297866,$127922,,,$143686,$20256,,,$58753,$82085,$126803,$170713,$72827,$36691,$48509,$35978
2010,6037554518,Census Tract 5545.18,Cerritos,Los Angeles County,California,Cerritos,125908.0,17000.0,123711.0,15596.0,138921.0,88052.0,78884.0,15130.0,141207.0,30640.0,,,160024.0,60033.0,,,124144.0,12432.0,124243.0,53501.0,$125908,$17000,$123711,$15596,$138921,$88052,$78884,$15130,$141207,$30640,,,$160024,$60033,,,$124144,$12432,$124243,$53501
2010,6037554519,Census Tract 5545.19,Cerritos,Los Angeles County,California,Cerritos,167273.0,42580.0,185826.0,37444.0,68293.0,304202.0,,,143589.0,47449.0,,,,,,,186575.0,36270.0,,,$167273,$42580,$185826,$37444,$68293,$304202,,,$143589,$47449,,,,,,,$186575,$36270,,
2010,6037554521,Census Tract 5545.21,Cerritos,Los Angeles County,California,Cerritos,99368.0,17977.0,106452.0,33293.0,121038.0,130271.0,,,100076.0,35784.0,,,60213.0,235252.0,36597.0,27976.0,77734.0,54716.0,109009.0,97928.0,$99368,$17977,$106452,$33293,$121038,$130271,,,$100076,$35784,,,$60213,$235252,$36597,$27976,$77734,$54716,$109009,$97928
2010,6037554522,Census Tract 5545.22,Cerritos,Los Angeles County,California,Cerritos,160289.0,13492.0,116839.0,42867.0,193432.0,39255.0,,,192149.0,28587.0,,,159773.0,117842.0,24315.0,485612.0,105685.0,44409.0,160727.0,55204.0,$160289,$13492,$116839,$42867,$193432,$39255,,,$192149,$28587,,,$159773,$117842,$24315,$485612,$105685,$44409,$160727,$55204
2010,6037554900,Census Tract 5549,Cerritos,Los Angeles County,California,Cerritos,84237.0,20577.0,81250.0,27362.0,57189.0,117612.0,,,89288.0,35881.0,,,69456.0,54125.0,187719.0,122577.0,84856.0,24207.0,64640.0,34141.0,$84237,$20577,$81250,$27362,$57189,$117612,,,$89288,$35881,,,$69456,$54125,$187719,$122577,$84856,$24207,$64640,$34141
2011,6037504102,Census Tract 5041.02,Cerritos,Los Angeles County,California,Cerritos,,,,,,,,,,,,,,,,,,,,,,,,,,,,,,,,,,,,,,,,
2011,6037553000,Census Tract 5530,Cerritos,Los Angeles County,California,Cerritos,96230.0,17478.0,95103.0,26173.0,84617.0,55019.0,60791.0,1849.0,124595.0,30857.0,,,93668.0,30302.0,193539.0,57029.0,65196.0,51363.0,95479.0,17181.0,$96230,$17478,$95103,$26173,$84617,$55019,$60791,$1849,$124595,$30857,,,$93668,$30302,$193539,$57029,$65196,$51363,$95479,$17181
2011,6037554511,Census Tract 5545.11,Cerritos,Los Angeles County,California,Cerritos,128193.0,21705.0,147598.0,19534.0,168474.0,129458.0,,,113874.0,22497.0,,,,,313465.0,161867.0,140853.0,30203.0,195270.0,113900.0,$128193,$21705,$147598,$19534,$168474,$129458,,,$113874,$22497,,,,,$313465,$161867,$140853,$30203,$195270,$113900
2011,6037554512,Census Tract 5545.12,Cerritos,Los Angeles County,California,Cerritos,138997.0,14708.0,130589.0,31203.0,132596.0,75522.0,,,146333.0,9892.0,,,123509.0,188645.0,,,132816.0,53155.0,105365.0,23237.0,$138997,$14708,$130589,$31203,$132596,$75522,,,$146333,$9892,,,$123509,$188645,,,$132816,$53155,$105365,$23237
2011,6037554513,Census Tract 5545.13,Cerritos,Los Angeles County,California,Cerritos,125736.0,23939.0,147549.0,32068.0,95303.0,26790.0,114874.0,379330.0,144045.0,26391.0,,,45425.0,105392.0,,,121231.0,43783.0,96354.0,80073.0,$125736,$23939,$147549,$32068,$95303,$26790,$114874,$379330,$144045,$26391,,,$45425,$105392,,,$121231,$43783,$96354,$80073
2011,6037554514,Census Tract 5545.14,Cerritos,Los Angeles County,California,Cerritos,93037.0,8370.0,78039.0,15761.0,120029.0,24681.0,,,98769.0,11478.0,95537.0,93385.0,82048.0,77242.0,114574.0,37631.0,80428.0,24277.0,76536.0,20824.0,$93037,$8370,$78039,$15761,$120029,$24681,,,$98769,$11478,$95537,$93385,$82048,$77242,$114574,$37631,$80428,$24277,$76536,$20824
2011,6037554515,Census Tract 5545.15,Cerritos,Los Angeles County,California,Cerritos,123747.0,40801.0,108228.0,21033.0,92017.0,8221.0,,,165859.0,39840.0,,,67210.0,121878.0,,,107498.0,15232.0,69598.0,208592.0,$123747,$40801,$108228,$21033,$92017,$8221,,,$165859,$39840,,,$67210,$121878,,,$107498,$15232,$69598,$208592
2011,6037554516,Census Tract 5545.16,Cerritos,Los Angeles County,California,Cerritos,138225.0,24213.0,102195.0,12252.0,120706.0,66686.0,,,150839.0,44521.0,,,167210.0,159609.0,,,115844.0,33210.0,98398.0,107334.0,$138225,$24213,$102195,$12252,$120706,$66686,,,$150839,$44521,,,$167210,$159609,,,$115844,$33210,$98398,$107334
2011,6037554517,Census Tract 5545.17,Cerritos,Los Angeles County,California,Cerritos,129357.0,23893.0,62893.0,46123.0,299380.0,167011.0,,,140728.0,21876.0,,,62799.0,156739.0,266289.0,369183.0,62893.0,46123.0,61586.0,78963.0,$129357,$23893,$62893,$46123,$299380,$167011,,,$140728,$21876,,,$62799,$156739,$266289,$369183,$62893,$46123,$61586,$78963
2011,6037554518,Census Tract 5545.18,Cerritos,Los Angeles County,California,Cerritos,125631.0,8646.0,120491.0,38578.0,151333.0,49041.0,76409.0,21108.0,137816.0,20300.0,,,159343.0,41482.0,,,122912.0,31582.0,124190.0,48493.0,$125631,$8646,$120491,$38578,$151333,$49041,$76409,$21108,$137816,$20300,,,$159343,$41482,,,$122912,$31582,$124190,$48493
2011,6037554519,Census Tract 5545.19,Cerritos,Los Angeles County,California,Cerritos,140556.0,54469.0,165503.0,82255.0,66321.0,147996.0,,,121027.0,56798.0,,,177549.0,284192.0,,,165709.0,82236.0,177414.0,70506.0,$140556,$54469,$165503,$82255,$66321,$147996,,,$121027,$56798,,,$177549,$284192,,,$165709,$82236,$177414,$70506
2011,6037554521,Census Tract 5545.21,Cerritos,Los Angeles County,California,Cerritos,100092.0,20158.0,106506.0,17212.0,83790.0,25112.0,,,106647.0,28367.0,,,112560.0,168185.0,16251.0,9596.0,77522.0,55520.0,152065.0,79103.0,$100092,$20158,$106506,$17212,$83790,$25112,,,$106647,$28367,,,$112560,$168185,$16251,$9596,$77522,$55520,$152065,$79103
2011,6037554522,Census Tract 5545.22,Cerritos,Los Angeles County,California,Cerritos,138804.0,20637.0,105114.0,38675.0,188830.0,15415.0,,,182733.0,33824.0,,,54368.0,26248.0,24001.0,658613.0,100734.0,48584.0,59346.0,82659.0,$138804,$20637,$105114,$38675,$188830,$15415,,,$182733,$33824,,,$54368,$26248,$24001,$658613,$100734,$48584,$59346,$82659
2011,6037554900,Census Tract 5549,Cerritos,Los Angeles County,California,Cerritos,81040.0,18508.0,65960.0,15944.0,44802.0,13902.0,,,110744.0,18836.0,,,43422.0,79721.0,186963.0,63265.0,77503.0,25147.0,64159.0,18113.0,$81040,$18508,$65960,$15944,$44802,$13902,,,$110744,$18836,,,$43422,$79721,$186963,$63265,$77503,$25147,$64159,$18113
2012,6037504102,Census Tract 5041.02,Cerritos,Los Angeles County,California,Cerritos,,,,,,,,,,,,,,,,,,,,,,,,,,,,,,,,,,,,,,,,
2012,6037553000,Census Tract 5530,Cerritos,Los Angeles County,California,Cerritos,103561.0,12891.0,95883.0,15413.0,136530.0,34895.0,53196.0,18530.0,155204.0,63713.0,,,83434.0,39676.0,156893.0,121030.0,67011.0,19628.0,94319.0,15134.0,$103561,$12891,$95883,$15413,$136530,$34895,$53196,$18530,$155204,$63713,,,$83434,$39676,$156893,$121030,$67011,$19628,$94319,$15134
2012,6037554511,Census Tract 5545.11,Cerritos,Los Angeles County,California,Cerritos,117235.0,19801.0,131084.0,62007.0,220978.0,112451.0,,,105535.0,18901.0,,,,,312958.0,296914.0,128319.0,120199.0,194253.0,80834.0,$117235,$19801,$131084,$62007,$220978,$112451,,,$105535,$18901,,,,,$312958,$296914,$128319,$120199,$194253,$80834
2012,6037554512,Census Tract 5545.12,Cerritos,Los Angeles County,California,Cerritos,132272.0,20142.0,114163.0,15515.0,132247.0,53207.0,,,138997.0,12390.0,,,102440.0,227097.0,103342.0,118785.0,111636.0,42325.0,113956.0,23073.0,$132272,$20142,$114163,$15515,$132247,$53207,,,$138997,$12390,,,$102440,$227097,$103342,$118785,$111636,$42325,$113956,$23073
2012,6037554513,Census Tract 5545.13,Cerritos,Los Angeles County,California,Cerritos,124253.0,14235.0,119809.0,34003.0,103819.0,19164.0,114545.0,185567.0,134707.0,32256.0,,,43907.0,70882.0,,,117469.0,26019.0,44380.0,98527.0,$124253,$14235,$119809,$34003,$103819,$19164,$114545,$185567,$134707,$32256,,,$43907,$70882,,,$117469,$26019,$44380,$98527
2012,6037554514,Census Tract 5545.14,Cerritos,Los Angeles County,California,Cerritos,90350.0,8295.0,64350.0,11090.0,106736.0,74482.0,,,99945.0,13609.0,93416.0,86686.0,84256.0,89544.0,115316.0,43478.0,75934.0,29410.0,65781.0,13032.0,$90350,$8295,$64350,$11090,$106736,$74482,,,$99945,$13609,$93416,$86686,$84256,$89544,$115316,$43478,$75934,$29410,$65781,$13032
2012,6037554515,Census Tract 5545.15,Cerritos,Los Angeles County,California,Cerritos,124248.0,26984.0,108967.0,24222.0,90663.0,36164.0,,,164828.0,35270.0,,,61433.0,17037.0,,,109468.0,25346.0,60232.0,26071.0,$124248,$26984,$108967,$24222,$90663,$36164,,,$164828,$35270,,,$61433,$17037,,,$109468,$25346,$60232,$26071
2012,6037554516,Census Tract 5545.16,Cerritos,Los Angeles County,California,Cerritos,133106.0,16334.0,101015.0,19153.0,164630.0,118567.0,,,136709.0,25444.0,,,150666.0,85554.0,,,116174.0,37472.0,77221.0,74281.0,$133106,$16334,$101015,$19153,$164630,$118567,,,$136709,$25444,,,$150666,$85554,,,$116174,$37472,$77221,$74281
2012,6037554517,Census Tract 5545.17,Cerritos,Los Angeles County,California,Cerritos,131132.0,17396.0,74741.0,28191.0,298898.0,178147.0,,,140879.0,6975.0,,,58487.0,91857.0,154441.0,178007.0,82798.0,39567.0,60203.0,31152.0,$131132,$17396,$74741,$28191,$298898,$178147,,,$140879,$6975,,,$58487,$91857,$154441,$178007,$82798,$39567,$60203,$31152
2012,6037554518,Census Tract 5545.18,Cerritos,Los Angeles County,California,Cerritos,125313.0,8743.0,94135.0,24668.0,138923.0,104161.0,78765.0,17291.0,136709.0,21192.0,,,175709.0,97306.0,,,91901.0,26427.0,125841.0,69137.0,$125313,$8743,$94135,$24668,$138923,$104161,$78765,$17291,$136709,$21192,,,$175709,$97306,,,$91901,$26427,$125841,$69137
2012,6037554519,Census Tract 5545.19,Cerritos,Los Angeles County,California,Cerritos,137413.0,58563.0,148435.0,67483.0,90949.0,121889.0,,,108882.0,63773.0,,,,,167741.0,39732.0,143630.0,77075.0,176381.0,44427.0,$137413,$58563,$148435,$67483,$90949,$121889,,,$108882,$63773,,,,,$167741,$39732,$143630,$77075,$176381,$44427
2012,6037554521,Census Tract 5545.21,Cerritos,Los Angeles County,California,Cerritos,108131.0,9498.0,93913.0,32346.0,82083.0,16084.0,,,142620.0,49379.0,,,111732.0,155342.0,16805.0,72556.0,80964.0,44259.0,108681.0,27497.0,$108131,$9498,$93913,$32346,$82083,$16084,,,$142620,$49379,,,$111732,$155342,$16805,$72556,$80964,$44259,$108681,$27497
2012,6037554522,Census Tract 5545.22,Cerritos,Los Angeles County,California,Cerritos,142610.0,20986.0,105657.0,27249.0,185495.0,19723.0,,,182118.0,35524.0,,,56676.0,27053.0,,,103647.0,28441.0,84599.0,68904.0,$142610,$20986,$105657,$27249,$185495,$19723,,,$182118,$35524,,,$56676,$27053,,,$103647,$28441,$84599,$68904
2012,6037554900,Census Tract 5549,Cerritos,Los Angeles County,California,Cerritos,82864.0,12943.0,76807.0,31292.0,44178.0,31229.0,,,107668.0,32599.0,,,29443.0,12423.0,188639.0,54586.0,78523.0,20323.0,56097.0,32120.0,$82864,$12943,$76807,$31292,$44178,$31229,,,$107668,$32599,,,$29443,$12423,$188639,$54586,$78523,$20323,$56097,$32120
2013,6037504102,Census Tract 5041.02,Cerritos,Los Angeles County,California,Cerritos,,,,,,,,,,,,,,,,,,,,,,,,,,,,,,,,,,,,,,,,
2013,6037553000,Census Tract 5530,Cerritos,Los Angeles County,California,Cerritos,99171.0,12490.0,95421.0,12842.0,137195.0,34102.0,,,130797.0,75559.0,,,83769.0,43413.0,67195.0,115582.0,79911.0,34274.0,93468.0,15864.0,$99171,$12490,$95421,$12842,$137195,$34102,,,$130797,$75559,,,$83769,$43413,$67195,$115582,$79911,$34274,$93468,$15864
2013,6037554511,Census Tract 5545.11,Cerritos,Los Angeles County,California,Cerritos,134347.0,26007.0,134529.0,52176.0,219988.0,139403.0,,,121394.0,28329.0,,,,,312094.0,99162.0,128050.0,30698.0,217431.0,93796.0,$134347,$26007,$134529,$52176,$219988,$139403,,,$121394,$28329,,,,,$312094,$99162,$128050,$30698,$217431,$93796
2013,6037554512,Census Tract 5545.12,Cerritos,Los Angeles County,California,Cerritos,137693.0,13490.0,116217.0,26937.0,103680.0,96214.0,,,145619.0,8785.0,,,222207.0,173370.0,,,106685.0,43812.0,130501.0,85791.0,$137693,$13490,$116217,$26937,$103680,$96214,,,$145619,$8785,,,$222207,$173370,,,$106685,$43812,$130501,$85791
2013,6037554513,Census Tract 5545.13,Cerritos,Los Angeles County,California,Cerritos,124116.0,22960.0,143855.0,37295.0,102718.0,13061.0,304583.0,558372.0,142334.0,32073.0,,,72350.0,73949.0,,,120020.0,33300.0,95790.0,63724.0,$124116,$22960,$143855,$37295,$102718,$13061,$304583,$558372,$142334,$32073,,,$72350,$73949,,,$120020,$33300,$95790,$63724
2013,6037554514,Census Tract 5545.14,Cerritos,Los Angeles County,California,Cerritos,97310.0,5967.0,65927.0,9991.0,110339.0,84464.0,,,110658.0,12909.0,,,63621.0,143775.0,113935.0,39955.0,80915.0,15308.0,57320.0,19086.0,$97310,$5967,$65927,$9991,$110339,$84464,,,$110658,$12909,,,$63621,$143775,$113935,$39955,$80915,$15308,$57320,$19086
2013,6037554515,Census Tract 5545.15,Cerritos,Los Angeles County,California,Cerritos,119175.0,33497.0,105587.0,25558.0,84454.0,48323.0,,,150448.0,44112.0,,,204541.0,474214.0,,,106821.0,28002.0,77929.0,96713.0,$119175,$33497,$105587,$25558,$84454,$48323,,,$150448,$44112,,,$204541,$474214,,,$106821,$28002,$77929,$96713
2013,6037554516,Census Tract 5545.16,Cerritos,Los Angeles County,California,Cerritos,134108.0,9596.0,101205.0,24993.0,189328.0,84919.0,,,137002.0,10263.0,,,163783.0,75519.0,,,113446.0,22625.0,117315.0,51282.0,$134108,$9596,$101205,$24993,$189328,$84919,,,$137002,$10263,,,$163783,$75519,,,$113446,$22625,$117315,$51282
2013,6037554517,Census Tract 5545.17,Cerritos,Los Angeles County,California,Cerritos,119839.0,12555.0,85634.0,14534.0,299036.0,182982.0,,,133215.0,13055.0,,,,,180124.0,288576.0,82831.0,37410.0,86888.0,41372.0,$119839,$12555,$85634,$14534,$299036,$182982,,,$133215,$13055,,,,,$180124,$288576,$82831,$37410,$86888,$41372
2013,6037554518,Census Tract 5545.18,Cerritos,Los Angeles County,California,Cerritos,127700.0,15242.0,97329.0,18668.0,138313.0,55301.0,,,140305.0,9380.0,,,176737.0,72302.0,,,97655.0,19831.0,115583.0,77496.0,$127700,$15242,$97329,$18668,$138313,$55301,,,$140305,$9380,,,$176737,$72302,,,$97655,$19831,$115583,$77496
2013,6037554519,Census Tract 5545.19,Cerritos,Los Angeles County,California,Cerritos,120020.0,34439.0,143517.0,60800.0,114466.0,144454.0,,,106702.0,35859.0,,,,,,,117255.0,58808.0,173703.0,29208.0,$120020,$34439,$143517,$60800,$114466,$144454,,,$106702,$35859,,,,,,,$117255,$58808,$173703,$29208
2013,6037554521,Census Tract 5545.21,Cerritos,Los Angeles County,California,Cerritos,106778.0,9466.0,83860.0,29089.0,89081.0,8372.0,,,141574.0,42545.0,,,55938.0,75083.0,16179.0,48207.0,69065.0,15171.0,127024.0,35253.0,$106778,$9466,$83860,$29089,$89081,$8372,,,$141574,$42545,,,$55938,$75083,$16179,$48207,$69065,$15171,$127024,$35253
2013,6037554522,Census Tract 5545.22,Cerritos,Los Angeles County,California,Cerritos,137803.0,20378.0,107623.0,33607.0,185947.0,62567.0,,,148390.0,47999.0,,,55925.0,43244.0,,,102428.0,13568.0,108525.0,77516.0,$137803,$20378,$107623,$33607,$185947,$62567,,,$148390,$47999,,,$55925,$43244,,,$102428,$13568,$108525,$77516
2013,6037554900,Census Tract 5549,Cerritos,Los Angeles County,California,Cerritos,80966.0,12862.0,67161.0,25830.0,43236.0,18231.0,,,108525.0,47454.0,,,28594.0,29967.0,230052.0,104226.0,66496.0,22830.0,57449.0,54606.0,$80966,$12862,$67161,$25830,$43236,$18231,,,$108525,$47454,,,$28594,$29967,$230052,$104226,$66496,$22830,$57449,$54606
2014,6037504102,Census Tract 5041.02,Cerritos,Los Angeles County,California,Cerritos,,,,,,,,,,,,,,,,,,,,,,,,,,,,,,,,,,,,,,,,
2014,6037553000,Census Tract 5530,Cerritos,Los Angeles County,California,Cerritos,93833.0,15341.0,92201.0,11014.0,132019.0,59592.0,56660.0,17206.0,126152.0,132655.0,,,74822.0,64409.0,69419.0,85062.0,69834.0,26021.0,92128.0,13705.0,$93833,$15341,$92201,$11014,$132019,$59592,$56660,$17206,$126152,$132655,,,$74822,$64409,$69419,$85062,$69834,$26021,$92128,$13705
2014,6037554511,Census Tract 5545.11,Cerritos,Los Angeles County,California,Cerritos,119050.0,29744.0,144101.0,33555.0,109532.0,120911.0,,,105263.0,20320.0,,,,,309681.0,94470.0,138005.0,29234.0,181568.0,133481.0,$119050,$29744,$144101,$33555,$109532,$120911,,,$105263,$20320,,,,,$309681,$94470,$138005,$29234,$181568,$133481
2014,6037554512,Census Tract 5545.12,Cerritos,Los Angeles County,California,Cerritos,138995.0,11805.0,113064.0,20260.0,153552.0,101139.0,,,146444.0,6856.0,,,75334.0,135766.0,,,115705.0,30174.0,74886.0,26896.0,$138995,$11805,$113064,$20260,$153552,$101139,,,$146444,$6856,,,$75334,$135766,,,$115705,$30174,$74886,$26896
2014,6037554513,Census Tract 5545.13,Cerritos,Los Angeles County,California,Cerritos,124911.0,25558.0,121794.0,37752.0,104958.0,27135.0,25772.0,433095.0,136759.0,13275.0,,,45625.0,46930.0,,,120547.0,38776.0,45425.0,44648.0,$124911,$25558,$121794,$37752,$104958,$27135,$25772,$433095,$136759,$13275,,,$45625,$46930,,,$120547,$38776,$45425,$44648
2014,6037554514,Census Tract 5545.14,Cerritos,Los Angeles County,California,Cerritos,97454.0,9672.0,68610.0,10999.0,94405.0,93313.0,,,117751.0,12228.0,,,51686.0,4670.0,,,81618.0,8929.0,57212.0,14366.0,$97454,$9672,$68610,$10999,$94405,$93313,,,$117751,$12228,,,$51686,$4670,,,$81618,$8929,$57212,$14366
2014,6037554515,Census Tract 5545.15,Cerritos,Los Angeles County,California,Cerritos,125811.0,35414.0,123526.0,43074.0,98575.0,54536.0,,,146007.0,38700.0,,,,,,,123734.0,41805.0,,,$125811,$35414,$123526,$43074,$98575,$54536,,,$146007,$38700,,,,,,,$123734,$41805,,
2014,6037554516,Census Tract 5545.16,Cerritos,Los Angeles County,California,Cerritos,128979.0,20616.0,102049.0,27642.0,214099.0,45038.0,,,136534.0,21136.0,,,147981.0,111234.0,,,98840.0,29982.0,113518.0,13775.0,$128979,$20616,$102049,$27642,$214099,$45038,,,$136534,$21136,,,$147981,$111234,,,$98840,$29982,$113518,$13775
2014,6037554517,Census Tract 5545.17,Cerritos,Los Angeles County,California,Cerritos,119826.0,10002.0,87174.0,34526.0,296794.0,353007.0,,,129453.0,17271.0,,,22114.0,41153.0,122803.0,156847.0,84522.0,54635.0,78147.0,56523.0,$119826,$10002,$87174,$34526,$296794,$353007,,,$129453,$17271,,,$22114,$41153,$122803,$156847,$84522,$54635,$78147,$56523
2014,6037554518,Census Tract 5545.18,Cerritos,Los Angeles County,California,Cerritos,129609.0,9387.0,101048.0,7406.0,140961.0,70331.0,,,141271.0,12502.0,,,125535.0,97125.0,,,101312.0,6269.0,124954.0,36762.0,$129609,$9387,$101048,$7406,$140961,$70331,,,$141271,$12502,,,$125535,$97125,,,$101312,$6269,$124954,$36762
2014,6037554519,Census Tract 5545.19,Cerritos,Los Angeles County,California,Cerritos,146912.0,28734.0,146557.0,44606.0,159805.0,95131.0,,,134528.0,49823.0,,,,,164276.0,129114.0,140407.0,57441.0,173932.0,34542.0,$146912,$28734,$146557,$44606,$159805,$95131,,,$134528,$49823,,,,,$164276,$129114,$140407,$57441,$173932,$34542
2014,6037554521,Census Tract 5545.21,Cerritos,Los Angeles County,California,Cerritos,108908.0,5299.0,84099.0,22424.0,83011.0,114775.0,,,135123.0,27533.0,,,84798.0,82662.0,,,68504.0,16098.0,143488.0,32255.0,$108908,$5299,$84099,$22424,$83011,$114775,,,$135123,$27533,,,$84798,$82662,,,$68504,$16098,$143488,$32255
2014,6037554522,Census Tract 5545.22,Cerritos,Los Angeles County,California,Cerritos,133777.0,17601.0,106195.0,29470.0,186096.0,24998.0,,,141203.0,15590.0,,,57172.0,56209.0,202020.0,63790.0,104751.0,19470.0,107411.0,87358.0,$133777,$17601,$106195,$29470,$186096,$24998,,,$141203,$15590,,,$57172,$56209,$202020,$63790,$104751,$19470,$107411,$87358
2014,6037554900,Census Tract 5549,Cerritos,Los Angeles County,California,Cerritos,77646.0,15419.0,68070.0,14366.0,,,,,83012.0,30065.0,,,54184.0,110460.0,182515.0,126777.0,68457.0,8822.0,59739.0,25051.0,$77646,$15419,$68070,$14366,,,,,$83012,$30065,,,$54184,$110460,$182515,$126777,$68457,$8822,$59739,$25051
2015,6037504102,Census Tract 5041.02,Cerritos,Los Angeles County,California,Cerritos,,,,,,,,,,,,,,,,,,,,,,,,,,,,,,,,,,,,,,,,
2015,6037553000,Census Tract 5530,Cerritos,Los Angeles County,California,Cerritos,103565.0,18816.0,93201.0,13299.0,144407.0,29155.0,53115.0,12768.0,124294.0,1187.0,,,71581.0,60769.0,68469.0,26826.0,86681.0,36754.0,91997.0,19541.0,$103565,$18816,$93201,$13299,$144407,$29155,$53115,$12768,$124294,$1187,,,$71581,$60769,$68469,$26826,$86681,$36754,$91997,$19541
2015,6037554511,Census Tract 5545.11,Cerritos,Los Angeles County,California,Cerritos,110725.0,22061.0,149675.0,36025.0,150895.0,101382.0,,,104778.0,13698.0,,,,,,,142932.0,44533.0,152292.0,73518.0,$110725,$22061,$149675,$36025,$150895,$101382,,,$104778,$13698,,,,,,,$142932,$44533,$152292,$73518
2015,6037554512,Census Tract 5545.12,Cerritos,Los Angeles County,California,Cerritos,138013.0,15495.0,114530.0,24296.0,104405.0,83991.0,,,151253.0,16486.0,,,,,,,118347.0,22929.0,74375.0,23206.0,$138013,$15495,$114530,$24296,$104405,$83991,,,$151253,$16486,,,,,,,$118347,$22929,$74375,$23206
2015,6037554513,Census Tract 5545.13,Cerritos,Los Angeles County,California,Cerritos,126539.0,18078.0,114426.0,16589.0,105031.0,28500.0,,,136912.0,21119.0,,,,,,,95607.0,32460.0,137104.0,25992.0,$126539,$18078,$114426,$16589,$105031,$28500,,,$136912,$21119,,,,,,,$95607,$32460,$137104,$25992
2015,6037554514,Census Tract 5545.14,Cerritos,Los Angeles County,California,Cerritos,95703.0,10671.0,76864.0,15109.0,,,,,126623.0,17136.0,,,,,,,81045.0,5953.0,62987.0,10934.0,$95703,$10671,$76864,$15109,,,,,$126623,$17136,,,,,,,$81045,$5953,$62987,$10934
2015,6037554515,Census Tract 5545.15,Cerritos,Los Angeles County,California,Cerritos,121723.0,39859.0,120962.0,68811.0,68808.0,47279.0,,,133844.0,43659.0,,,,,,,119095.0,58979.0,,,$121723,$39859,$120962,$68811,$68808,$47279,,,$133844,$43659,,,,,,,$119095,$58979,,
2015,6037554516,Census Tract 5545.16,Cerritos,Los Angeles County,California,Cerritos,132269.0,20830.0,115360.0,13259.0,216272.0,147357.0,,,138123.0,18407.0,,,61989.0,52005.0,,,117459.0,24206.0,110587.0,62523.0,$132269,$20830,$115360,$13259,$216272,$147357,,,$138123,$18407,,,$61989,$52005,,,$117459,$24206,$110587,$62523
2015,6037554517,Census Tract 5545.17,Cerritos,Los Angeles County,California,Cerritos,121283.0,15038.0,86312.0,40151.0,38384.0,16438.0,,,129800.0,11481.0,,,,,133694.0,48638.0,104808.0,53042.0,,,$121283,$15038,$86312,$40151,$38384,$16438,,,$129800,$11481,,,,,$133694,$48638,$104808,$53042,,
2015,6037554518,Census Tract 5545.18,Cerritos,Los Angeles County,California,Cerritos,128820.0,10214.0,101020.0,5871.0,138929.0,45999.0,,,140992.0,14384.0,,,,,,,101251.0,5971.0,,,$128820,$10214,$101020,$5871,$138929,$45999,,,$140992,$14384,,,,,,,$101251,$5971,,
2015,6037554519,Census Tract 5545.19,Cerritos,Los Angeles County,California,Cerritos,146123.0,49989.0,146177.0,73043.0,,,,,111210.0,55738.0,,,,,164174.0,107715.0,117548.0,74703.0,173606.0,34740.0,$146123,$49989,$146177,$73043,,,,,$111210,$55738,,,,,$164174,$107715,$117548,$74703,$173606,$34740
2015,6037554521,Census Tract 5545.21,Cerritos,Los Angeles County,California,Cerritos,107164.0,12053.0,82926.0,20315.0,,,,,145011.0,28439.0,,,74614.0,56941.0,108671.0,40275.0,76422.0,16184.0,112316.0,23019.0,$107164,$12053,$82926,$20315,,,,,$145011,$28439,,,$74614,$56941,$108671,$40275,$76422,$16184,$112316,$23019
2015,6037554522,Census Tract 5545.22,Cerritos,Los Angeles County,California,Cerritos,127892.0,19240.0,103741.0,21177.0,,,,,152232.0,40589.0,,,,,201257.0,3016.0,103280.0,25347.0,108582.0,86120.0,$127892,$19240,$103741,$21177,,,,,$152232,$40589,,,,,$201257,$3016,$103280,$25347,$108582,$86120
2015,6037554900,Census Tract 5549,Cerritos,Los Angeles County,California,Cerritos,78877.0,13863.0,69082.0,17203.0,,,,,88430.0,51633.0,,,,,,,69192.0,16229.0,64558.0,30549.0,$78877,$13863,$69082,$17203,,,,,$88430,$51633,,,,,,,$69192,$16229,$64558,$30549
2016,6037504102,Census Tract 5041.02,Cerritos,Los Angeles County,California,Cerritos,,,,,,,,,,,,,,,,,,,,,,,,,,,,,,,,,,,,,,,,
2016,6037553000,Census Tract 5530,Cerritos,Los Angeles County,California,Cerritos,94107.0,13069.0,86686.0,8602.0,135707.0,27353.0,,,124950.0,67315.0,,,121672.0,40846.0,79931.0,51523.0,87718.0,27894.0,87567.0,13086.0,$94107,$13069,$86686,$8602,$135707,$27353,,,$124950,$67315,,,$121672,$40846,$79931,$51523,$87718,$27894,$87567,$13086
2016,6037554511,Census Tract 5545.11,Cerritos,Los Angeles County,California,Cerritos,114077.0,36719.0,148237.0,26261.0,178752.0,87707.0,,,108454.0,16236.0,,,,,,,127667.0,49660.0,180418.0,75226.0,$114077,$36719,$148237,$26261,$178752,$87707,,,$108454,$16236,,,,,,,$127667,$49660,$180418,$75226
2016,6037554512,Census Tract 5545.12,Cerritos,Los Angeles County,California,Cerritos,147153.0,17123.0,100688.0,32391.0,154333.0,130401.0,,,159498.0,19169.0,,,,,,,115464.0,35241.0,96518.0,91025.0,$147153,$17123,$100688,$32391,$154333,$130401,,,$159498,$19169,,,,,,,$115464,$35241,$96518,$91025
2016,6037554513,Census Tract 5545.13,Cerritos,Los Angeles County,California,Cerritos,124035.0,15971.0,110338.0,16791.0,83245.0,27244.0,,,137102.0,14398.0,,,,,,,93815.0,41022.0,136010.0,56808.0,$124035,$15971,$110338,$16791,$83245,$27244,,,$137102,$14398,,,,,,,$93815,$41022,$136010,$56808
2016,6037554514,Census Tract 5545.14,Cerritos,Los Angeles County,California,Cerritos,102529.0,12122.0,81294.0,10937.0,83447.0,59198.0,,,116851.0,18096.0,,,51414.0,25397.0,,,81934.0,13341.0,68460.0,17636.0,$102529,$12122,$81294,$10937,$83447,$59198,,,$116851,$18096,,,$51414,$25397,,,$81934,$13341,$68460,$17636
2016,6037554515,Census Tract 5545.15,Cerritos,Los Angeles County,California,Cerritos,123759.0,26735.0,97010.0,37881.0,,,,,132077.0,34828.0,,,,,,,98102.0,40186.0,,,$123759,$26735,$97010,$37881,,,,,$132077,$34828,,,,,,,$98102,$40186,,
2016,6037554516,Census Tract 5545.16,Cerritos,Los Angeles County,California,Cerritos,133370.0,14169.0,120106.0,21944.0,163212.0,81124.0,,,137359.0,20733.0,,,60563.0,20646.0,,,119431.0,19058.0,112622.0,83018.0,$133370,$14169,$120106,$21944,$163212,$81124,,,$137359,$20733,,,$60563,$20646,,,$119431,$19058,$112622,$83018
2016,6037554517,Census Tract 5545.17,Cerritos,Los Angeles County,California,Cerritos,126014.0,12033.0,109300.0,35564.0,43236.0,20415.0,,,130710.0,5440.0,,,,,118219.0,54980.0,136010.0,40044.0,99140.0,48741.0,$126014,$12033,$109300,$35564,$43236,$20415,,,$130710,$5440,,,,,$118219,$54980,$136010,$40044,$99140,$48741
2016,6037554518,Census Tract 5545.18,Cerritos,Los Angeles County,California,Cerritos,126691.0,13206.0,93790.0,16519.0,124430.0,41936.0,,,142788.0,21045.0,,,77892.0,72082.0,126178.0,9373.0,96518.0,18209.0,78001.0,45041.0,$126691,$13206,$93790,$16519,$124430,$41936,,,$142788,$21045,,,$77892,$72082,$126178,$9373,$96518,$18209,$78001,$45041
2016,6037554519,Census Tract 5545.19,Cerritos,Los Angeles County,California,Cerritos,149581.0,19973.0,158460.0,17780.0,,,,,113069.0,62390.0,,,,,,,161731.0,27549.0,149743.0,18417.0,$149581,$19973,$158460,$17780,,,,,$113069,$62390,,,,,,,$161731,$27549,$149743,$18417
2016,6037554521,Census Tract 5545.21,Cerritos,Los Angeles County,California,Cerritos,102956.0,9380.0,86464.0,13796.0,139287.0,95851.0,,,126752.0,24596.0,,,,,111065.0,36223.0,80384.0,12025.0,125871.0,36857.0,$102956,$9380,$86464,$13796,$139287,$95851,,,$126752,$24596,,,,,$111065,$36223,$80384,$12025,$125871,$36857
2016,6037554522,Census Tract 5545.22,Cerritos,Los Angeles County,California,Cerritos,134976.0,19593.0,103237.0,27348.0,151668.0,138676.0,,,150280.0,55926.0,,,216208.0,46201.0,201431.0,27722.0,99462.0,34571.0,133825.0,94995.0,$134976,$19593,$103237,$27348,$151668,$138676,,,$150280,$55926,,,$216208,$46201,$201431,$27722,$99462,$34571,$133825,$94995
2016,6037554900,Census Tract 5549,Cerritos,Los Angeles County,California,Cerritos,70636.0,17736.0,68240.0,19534.0,,,,,82402.0,23648.0,,,71250.0,41841.0,63908.0,1733.0,78984.0,39391.0,63742.0,11873.0,$70636,$17736,$68240,$19534,,,,,$82402,$23648,,,$71250,$41841,$63908,$1733,$78984,$39391,$63742,$11873
2017,6037504102,Census Tract 5041.02,Cerritos,Los Angeles County,California,Cerritos,,,,,,,,,,,,,,,,,,,,,,,,,,,,,,,,,,,,,,,,
2017,6037553000,Census Tract 5530,Cerritos,Los Angeles County,California,Cerritos,91314.0,11658.0,86506.0,11345.0,111463.0,54356.0,,,104617.0,53332.0,,,107219.0,30358.0,81833.0,30143.0,89397.0,29995.0,89257.0,10018.0,$91314,$11658,$86506,$11345,$111463,$54356,,,$104617,$53332,,,$107219,$30358,$81833,$30143,$89397,$29995,$89257,$10018
2017,6037554511,Census Tract 5545.11,Cerritos,Los Angeles County,California,Cerritos,135425.0,47329.0,181086.0,56601.0,177522.0,51951.0,,,104755.0,12462.0,,,,,,,189922.0,91333.0,180628.0,61488.0,$135425,$47329,$181086,$56601,$177522,$51951,,,$104755,$12462,,,,,,,$189922,$91333,$180628,$61488
2017,6037554512,Census Tract 5545.12,Cerritos,Los Angeles County,California,Cerritos,148486.0,17289.0,118893.0,10978.0,,,,,156044.0,18087.0,,,,,,,120446.0,17056.0,,,$148486,$17289,$118893,$10978,,,,,$156044,$18087,,,,,,,$120446,$17056,,
2017,6037554513,Census Tract 5545.13,Cerritos,Los Angeles County,California,Cerritos,123551.0,21315.0,101257.0,23321.0,81191.0,26219.0,,,137218.0,14603.0,,,,,,,82154.0,32399.0,133446.0,62275.0,$123551,$21315,$101257,$23321,$81191,$26219,,,$137218,$14603,,,,,,,$82154,$32399,$133446,$62275
2017,6037554514,Census Tract 5545.14,Cerritos,Los Angeles County,California,Cerritos,108329.0,8271.0,100606.0,30095.0,,,,,119884.0,23083.0,,,62578.0,49042.0,,,88653.0,25479.0,90925.0,33849.0,$108329,$8271,$100606,$30095,,,,,$119884,$23083,,,$62578,$49042,,,$88653,$25479,$90925,$33849
2017,6037554515,Census Tract 5545.15,Cerritos,Los Angeles County,California,Cerritos,124933.0,19642.0,98769.0,48080.0,187005.0,170324.0,,,129855.0,23487.0,,,,,84210.0,65645.0,113567.0,50947.0,,,$124933,$19642,$98769,$48080,$187005,$170324,,,$129855,$23487,,,,,$84210,$65645,$113567,$50947,,
2017,6037554516,Census Tract 5545.16,Cerritos,Los Angeles County,California,Cerritos,133090.0,17880.0,125477.0,29199.0,148711.0,47433.0,,,137671.0,27518.0,,,61601.0,21030.0,,,125904.0,30529.0,109310.0,96822.0,$133090,$17880,$125477,$29199,$148711,$47433,,,$137671,$27518,,,$61601,$21030,,,$125904,$30529,$109310,$96822
2017,6037554517,Census Tract 5545.17,Cerritos,Los Angeles County,California,Cerritos,125601.0,9729.0,111023.0,30345.0,,,,,129999.0,5961.0,,,138528.0,99654.0,121056.0,82047.0,128365.0,49711.0,101087.0,70770.0,$125601,$9729,$111023,$30345,,,,,$129999,$5961,,,$138528,$99654,$121056,$82047,$128365,$49711,$101087,$70770
2017,6037554518,Census Tract 5545.18,Cerritos,Los Angeles County,California,Cerritos,127563.0,11011.0,100197.0,17600.0,154145.0,32479.0,,,143240.0,19039.0,,,,,126514.0,6812.0,101164.0,13029.0,84021.0,28111.0,$127563,$11011,$100197,$17600,$154145,$32479,,,$143240,$19039,,,,,$126514,$6812,$101164,$13029,$84021,$28111
2017,6037554519,Census Tract 5545.19,Cerritos,Los Angeles County,California,Cerritos,152287.0,22872.0,158049.0,23871.0,,,,,150902.0,45120.0,,,,,,,162161.0,31700.0,157361.0,82708.0,$152287,$22872,$158049,$23871,,,,,$150902,$45120,,,,,,,$162161,$31700,$157361,$82708
2017,6037554521,Census Tract 5545.21,Cerritos,Los Angeles County,California,Cerritos,97611.0,9453.0,83758.0,18327.0,165270.0,46611.0,,,117847.0,36634.0,,,74056.0,53884.0,92687.0,36003.0,77276.0,23280.0,122125.0,51436.0,$97611,$9453,$83758,$18327,$165270,$46611,,,$117847,$36634,,,$74056,$53884,$92687,$36003,$77276,$23280,$122125,$51436
2017,6037554522,Census Tract 5545.22,Cerritos,Los Angeles County,California,Cerritos,128303.0,21538.0,100189.0,18039.0,139597.0,78274.0,,,169343.0,55744.0,,,,,203501.0,40034.0,100510.0,30057.0,110515.0,54072.0,$128303,$21538,$100189,$18039,$139597,$78274,,,$169343,$55744,,,,,$203501,$40034,$100510,$30057,$110515,$54072
2017,6037554900,Census Tract 5549,Cerritos,Los Angeles County,California,Cerritos,72344.0,16160.0,67153.0,8839.0,,,,,80028.0,42911.0,,,90257.0,34780.0,65654.0,14967.0,65855.0,19597.0,70358.0,19486.0,$72344,$16160,$67153,$8839,,,,,$80028,$42911,,,$90257,$34780,$65654,$14967,$65855,$19597,$70358,$19486
2018,6037504102,Census Tract 5041.02,Cerritos,Los Angeles County,California,Cerritos,,,,,,,,,,,,,,,,,,,,,,,,,,,,,,,,,,,,,,,,
2018,6037553000,Census Tract 5530,Cerritos,Los Angeles County,California,Cerritos,94232.0,10519.0,85967.0,9974.0,,,,,122605.0,14935.0,,,122743.0,24664.0,,,87974.0,22312.0,94180.0,16748.0,$94232,$10519,$85967,$9974,,,,,$122605,$14935,,,$122743,$24664,,,$87974,$22312,$94180,$16748
2018,6037554511,Census Tract 5545.11,Cerritos,Los Angeles County,California,Cerritos,111950.0,28348.0,153314.0,56191.0,148679.0,43362.0,,,100323.0,16539.0,,,,,,,189001.0,101051.0,111678.0,82942.0,$111950,$28348,$153314,$56191,$148679,$43362,,,$100323,$16539,,,,,,,$189001,$101051,$111678,$82942
2018,6037554512,Census Tract 5545.12,Cerritos,Los Angeles County,California,Cerritos,148688.0,13748.0,120548.0,13945.0,173378.0,114341.0,,,150579.0,16114.0,,,,,,,131919.0,34034.0,,,$148688,$13748,$120548,$13945,$173378,$114341,,,$150579,$16114,,,,,,,$131919,$34034,,
2018,6037554513,Census Tract 5545.13,Cerritos,Los Angeles County,California,Cerritos,118257.0,17327.0,98678.0,25880.0,83641.0,21586.0,,,136839.0,23894.0,,,,,,,77980.0,33316.0,132353.0,70203.0,$118257,$17327,$98678,$25880,$83641,$21586,,,$136839,$23894,,,,,,,$77980,$33316,$132353,$70203
2018,6037554514,Census Tract 5545.14,Cerritos,Los Angeles County,California,Cerritos,112965.0,15410.0,95088.0,23264.0,125380.0,105521.0,,,129911.0,29927.0,,,85364.0,79247.0,127045.0,68884.0,90505.0,19482.0,88122.0,26892.0,$112965,$15410,$95088,$23264,$125380,$105521,,,$129911,$29927,,,$85364,$79247,$127045,$68884,$90505,$19482,$88122,$26892
2018,6037554515,Census Tract 5545.15,Cerritos,Los Angeles County,California,Cerritos,122357.0,33256.0,111052.0,76779.0,258128.0,149698.0,,,128089.0,32494.0,,,,,85715.0,19009.0,107606.0,54698.0,,,$122357,$33256,$111052,$76779,$258128,$149698,,,$128089,$32494,,,,,$85715,$19009,$107606,$54698,,
2018,6037554516,Census Tract 5545.16,Cerritos,Los Angeles County,California,Cerritos,137575.0,30375.0,120018.0,21999.0,148277.0,39358.0,,,160743.0,37900.0,,,60272.0,18263.0,,,120018.0,32693.0,,,$137575,$30375,$120018,$21999,$148277,$39358,,,$160743,$37900,,,$60272,$18263,,,$120018,$32693,,
2018,6037554517,Census Tract 5545.17,Cerritos,Los Angeles County,California,Cerritos,122486.0,17389.0,79882.0,57205.0,110984.0,96021.0,,,131238.0,12784.0,,,,,121585.0,112120.0,102789.0,58916.0,66809.0,55105.0,$122486,$17389,$79882,$57205,$110984,$96021,,,$131238,$12784,,,,,$121585,$112120,$102789,$58916,$66809,$55105
2018,6037554518,Census Tract 5545.18,Cerritos,Los Angeles County,California,Cerritos,122789.0,19297.0,78903.0,11459.0,154852.0,47987.0,,,140185.0,21351.0,,,,,,,77967.0,15475.0,81733.0,30528.0,$122789,$19297,$78903,$11459,$154852,$47987,,,$140185,$21351,,,,,,,$77967,$15475,$81733,$30528
2018,6037554519,Census Tract 5545.19,Cerritos,Los Angeles County,California,Cerritos,166588.0,47085.0,158590.0,78180.0,,,,,166812.0,65014.0,,,166701.0,136386.0,,,200749.0,67192.0,,,$166588,$47085,$158590,$78180,,,,,$166812,$65014,,,$166701,$136386,,,$200749,$67192,,
2018,6037554521,Census Tract 5545.21,Cerritos,Los Angeles County,California,Cerritos,98081.0,9756.0,87340.0,16500.0,178873.0,31464.0,,,105117.0,27122.0,,,72593.0,28284.0,93569.0,37331.0,84233.0,22427.0,101941.0,39985.0,$98081,$9756,$87340,$16500,$178873,$31464,,,$105117,$27122,,,$72593,$28284,$93569,$37331,$84233,$22427,$101941,$39985
2018,6037554522,Census Tract 5545.22,Cerritos,Los Angeles County,California,Cerritos,132719.0,24879.0,105335.0,30488.0,151019.0,65939.0,,,155762.0,54287.0,,,,,201866.0,38365.0,123934.0,47285.0,106734.0,72218.0,$132719,$24879,$105335,$30488,$151019,$65939,,,$155762,$54287,,,,,$201866,$38365,$123934,$47285,$106734,$72218
2018,6037554900,Census Tract 5549,Cerritos,Los Angeles County,California,Cerritos,73226.0,14197.0,68539.0,22230.0,,,,,68840.0,42389.0,,,76170.0,20719.0,64715.0,31522.0,71137.0,70950.0,69905.0,11576.0,$73226,$14197,$68539,$22230,,,,,$68840,$42389,,,$76170,$20719,$64715,$31522,$71137,$70950,$69905,$11576
2019,6037504102,Census Tract 5041.02,Cerritos,Los Angeles County,California,Cerritos,,,,,,,,,,,,,,,,,,,,,,,,,,,,,,,,,,,,,,,,
2019,6037553000,Census Tract 5530,Cerritos,Los Angeles County,California,Cerritos,107324.0,15545.0,97059.0,11980.0,,,,,124665.0,23097.0,,,118574.0,21238.0,,,99564.0,36303.0,107351.0,17717.0,$107324,$15545,$97059,$11980,,,,,$124665,$23097,,,$118574,$21238,,,$99564,$36303,$107351,$17717
2019,6037554511,Census Tract 5545.11,Cerritos,Los Angeles County,California,Cerritos,121960.0,33659.0,146916.0,57042.0,187892.0,81207.0,,,108419.0,24160.0,,,,,133840.0,74294.0,188452.0,180267.0,112131.0,85988.0,$121960,$33659,$146916,$57042,$187892,$81207,,,$108419,$24160,,,,,$133840,$74294,$188452,$180267,$112131,$85988
2019,6037554512,Census Tract 5545.12,Cerritos,Los Angeles County,California,Cerritos,147902.0,18335.0,118051.0,53775.0,184914.0,66098.0,,,149156.0,11054.0,,,204606.0,97261.0,,,119184.0,46330.0,203946.0,143971.0,$147902,$18335,$118051,$53775,$184914,$66098,,,$149156,$11054,,,$204606,$97261,,,$119184,$46330,$203946,$143971
2019,6037554513,Census Tract 5545.13,Cerritos,Los Angeles County,California,Cerritos,120122.0,26002.0,107495.0,17161.0,79996.0,56495.0,,,124302.0,27579.0,,,149480.0,105788.0,,,99397.0,20761.0,140433.0,57799.0,$120122,$26002,$107495,$17161,$79996,$56495,,,$124302,$27579,,,$149480,$105788,,,$99397,$20761,$140433,$57799
2019,6037554514,Census Tract 5545.14,Cerritos,Los Angeles County,California,Cerritos,112302.0,17583.0,95950.0,12974.0,62113.0,56657.0,,,134182.0,35675.0,,,,,128302.0,83495.0,91507.0,12601.0,86150.0,46483.0,$112302,$17583,$95950,$12974,$62113,$56657,,,$134182,$35675,,,,,$128302,$83495,$91507,$12601,$86150,$46483
2019,6037554515,Census Tract 5545.15,Cerritos,Los Angeles County,California,Cerritos,131095.0,9617.0,101226.0,31014.0,186606.0,180945.0,,,139015.0,25660.0,,,,,,,106149.0,31470.0,109645.0,49269.0,$131095,$9617,$101226,$31014,$186606,$180945,,,$139015,$25660,,,,,,,$106149,$31470,$109645,$49269
2019,6037554516,Census Tract 5545.16,Cerritos,Los Angeles County,California,Cerritos,148907.0,21771.0,164188.0,58665.0,147912.0,63700.0,,,152795.0,34267.0,,,,,,,138071.0,88151.0,,,$148907,$21771,$164188,$58665,$147912,$63700,,,$152795,$34267,,,,,,,$138071,$88151,,
2019,6037554517,Census Tract 5545.17,Cerritos,Los Angeles County,California,Cerritos,130891.0,9234.0,103719.0,49200.0,,,,,135302.0,18053.0,,,,,,,110935.0,34736.0,157034.0,126983.0,$130891,$9234,$103719,$49200,,,,,$135302,$18053,,,,,,,$110935,$34736,$157034,$126983
2019,6037554518,Census Tract 5545.18,Cerritos,Los Angeles County,California,Cerritos,126715.0,11963.0,79109.0,11862.0,156054.0,34418.0,,,150185.0,30607.0,,,75333.0,30439.0,128091.0,2550.0,77984.0,22174.0,76418.0,15081.0,$126715,$11963,$79109,$11862,$156054,$34418,,,$150185,$30607,,,$75333,$30439,$128091,$2550,$77984,$22174,$76418,$15081
2019,6037554519,Census Tract 5545.19,Cerritos,Los Angeles County,California,Cerritos,134963.0,37937.0,140506.0,55215.0,253834.0,238542.0,,,133019.0,51206.0,,,166723.0,142962.0,,,138968.0,75537.0,158454.0,112711.0,$134963,$37937,$140506,$55215,$253834,$238542,,,$133019,$51206,,,$166723,$142962,,,$138968,$75537,$158454,$112711
2019,6037554521,Census Tract 5545.21,Cerritos,Los Angeles County,California,Cerritos,100663.0,13028.0,92846.0,16741.0,163150.0,87673.0,,,108541.0,34947.0,,,,,92263.0,42222.0,92394.0,17002.0,105729.0,34092.0,$100663,$13028,$92846,$16741,$163150,$87673,,,$108541,$34947,,,,,$92263,$42222,$92394,$17002,$105729,$34092
2019,6037554522,Census Tract 5545.22,Cerritos,Los Angeles County,California,Cerritos,140762.0,23852.0,109739.0,41869.0,127494.0,67788.0,,,172579.0,37145.0,,,,,,,130763.0,55050.0,82304.0,20134.0,$140762,$23852,$109739,$41869,$127494,$67788,,,$172579,$37145,,,,,,,$130763,$55050,$82304,$20134
2019,6037554900,Census Tract 5549,Cerritos,Los Angeles County,California,Cerritos,83786.0,11087.0,73740.0,32208.0,,,,,86878.0,24800.0,,,79344.0,28865.0,,,78348.0,59401.0,79180.0,22000.0,$83786,$11087,$73740,$32208,,,,,$86878,$24800,,,$79344,$28865,,,$78348,$59401,$79180,$22000
2020,6037554511,Census Tract 5545.11,Cerritos,Los Angeles County,California,Cerritos,145746.0,39306.0,145332.0,71496.0,,,,,135356.0,22865.0,,,,,200653.0,119016.0,,,152199.0,149905.0,$145746,$39306,$145332,$71496,,,,,$135356,$22865,,,,,$200653,$119016,,,$152199,$149905
2020,6037554512,Census Tract 5545.12,Cerritos,Los Angeles County,California,Cerritos,143189.0,22071.0,106050.0,56348.0,,,,,146644.0,22664.0,,,201970.0,104142.0,208293.0,23506.0,119633.0,54940.0,206775.0,6508.0,$143189,$22071,$106050,$56348,,,,,$146644,$22664,,,$201970,$104142,$208293,$23506,$119633,$54940,$206775,$6508
2020,6037554513,Census Tract 5545.13,Cerritos,Los Angeles County,California,Cerritos,113611.0,24744.0,99441.0,25102.0,68951.0,32113.0,,,121455.0,32164.0,,,105031.0,76984.0,,,90484.0,29962.0,157892.0,98868.0,$113611,$24744,$99441,$25102,$68951,$32113,,,$121455,$32164,,,$105031,$76984,,,$90484,$29962,$157892,$98868
2020,6037554514,Census Tract 5545.14,Cerritos,Los Angeles County,California,Cerritos,131716.0,23072.0,156373.0,81961.0,,,,,131402.0,22349.0,,,89790.0,88215.0,,,112760.0,75122.0,157513.0,141120.0,$131716,$23072,$156373,$81961,,,,,$131402,$22349,,,$89790,$88215,,,$112760,$75122,$157513,$141120
2020,6037554515,Census Tract 5545.15,Cerritos,Los Angeles County,California,Cerritos,116900.0,31349.0,98075.0,30155.0,186629.0,115906.0,,,105859.0,50417.0,,,,,87502.0,71994.0,108740.0,31820.0,106687.0,70441.0,$116900,$31349,$98075,$30155,$186629,$115906,,,$105859,$50417,,,,,$87502,$71994,$108740,$31820,$106687,$70441
2020,6037554516,Census Tract 5545.16,Cerritos,Los Angeles County,California,Cerritos,153580.0,29586.0,161618.0,62866.0,150167.0,32614.0,,,162826.0,43798.0,,,,,,,161756.0,52257.0,,,$153580,$29586,$161618,$62866,$150167,$32614,,,$162826,$43798,,,,,,,$161756,$52257,,
2020,6037554517,Census Tract 5545.17,Cerritos,Los Angeles County,California,Cerritos,130773.0,15441.0,102968.0,36704.0,,,,,143469.0,14187.0,,,218619.0,189815.0,,,102099.0,61648.0,,,$130773,$15441,$102968,$36704,,,,,$143469,$14187,,,$218619,$189815,,,$102099,$61648,,
2020,6037554518,Census Tract 5545.18,Cerritos,Los Angeles County,California,Cerritos,126846.0,11923.0,84512.0,20633.0,132790.0,70537.0,,,135540.0,38086.0,,,,,126992.0,5912.0,77714.0,22632.0,87466.0,16609.0,$126846,$11923,$84512,$20633,$132790,$70537,,,$135540,$38086,,,,,$126992,$5912,$77714,$22632,$87466,$16609
2020,6037554519,Census Tract 5545.19,Cerritos,Los Angeles County,California,Cerritos,159121.0,25220.0,156807.0,55454.0,288238.0,98693.0,,,148167.0,39615.0,,,165751.0,80538.0,,,157458.0,79480.0,164054.0,95218.0,$159121,$25220,$156807,$55454,$288238,$98693,,,$148167,$39615,,,$165751,$80538,,,$157458,$79480,$164054,$95218
2020,6037554521,Census Tract 5545.21,Cerritos,Los Angeles County,California,Cerritos,109650.0,14940.0,102620.0,16892.0,111237.0,90562.0,,,139336.0,44929.0,,,,,89992.0,26589.0,110032.0,29832.0,101080.0,27573.0,$109650,$14940,$102620,$16892,$111237,$90562,,,$139336,$44929,,,,,$89992,$26589,$110032,$29832,$101080,$27573
2020,6037554522,Census Tract 5545.22,Cerritos,Los Angeles County,California,Cerritos,125665.0,22042.0,108385.0,39988.0,154332.0,68397.0,,,136538.0,47456.0,,,79843.0,16379.0,,,107412.0,72538.0,82297.0,4896.0,$125665,$22042,$108385,$39988,$154332,$68397,,,$136538,$47456,,,$79843,$16379,,,$107412,$72538,$82297,$4896
2021,6037554511,Census Tract 5545.11,Cerritos,Los Angeles County,California,Cerritos,163701.0,21105.0,155828.0,125020.0,,,,,149600.0,33037.0,,,,,201829.0,71100.0,201736.0,182898.0,112547.0,100228.0,$163701,$21105,$155828,$125020,,,,,$149600,$33037,,,,,$201829,$71100,$201736,$182898,$112547,$100228
2021,6037554512,Census Tract 5545.12,Cerritos,Los Angeles County,California,Cerritos,147952.0,18911.0,133375.0,61236.0,,,,,148699.0,20583.0,,,,,210083.0,5543.0,134004.0,41873.0,209060.0,14467.0,$147952,$18911,$133375,$61236,,,,,$148699,$20583,,,,,$210083,$5543,$134004,$41873,$209060,$14467
2021,6037554513,Census Tract 5545.13,Cerritos,Los Angeles County,California,Cerritos,130580.0,32100.0,101638.0,18819.0,,,,,142408.0,47090.0,,,101902.0,25117.0,185915.0,114366.0,98719.0,21956.0,172033.0,77484.0,$130580,$32100,$101638,$18819,,,,,$142408,$47090,,,$101902,$25117,$185915,$114366,$98719,$21956,$172033,$77484
2021,6037554514,Census Tract 5545.14,Cerritos,Los Angeles County,California,Cerritos,134567.0,21544.0,111359.0,61660.0,,,,,135698.0,24358.0,,,134270.0,60181.0,,,106547.0,50860.0,160544.0,132009.0,$134567,$21544,$111359,$61660,,,,,$135698,$24358,,,$134270,$60181,,,$106547,$50860,$160544,$132009
2021,6037554515,Census Tract 5545.15,Cerritos,Los Angeles County,California,Cerritos,107077.0,31212.0,101214.0,43320.0,154163.0,55965.0,,,88647.0,32578.0,,,108133.0,61167.0,,,110478.0,63419.0,91291.0,27216.0,$107077,$31212,$101214,$43320,$154163,$55965,,,$88647,$32578,,,$108133,$61167,,,$110478,$63419,$91291,$27216
2021,6037554516,Census Tract 5545.16,Cerritos,Los Angeles County,California,Cerritos,150614.0,34299.0,168476.0,85838.0,,,,,165974.0,45031.0,,,,,,,173061.0,70786.0,,,$150614,$34299,$168476,$85838,,,,,$165974,$45031,,,,,,,$173061,$70786,,
2021,6037554517,Census Tract 5545.17,Cerritos,Los Angeles County,California,Cerritos,123902.0,35404.0,61088.0,48455.0,,,,,147718.0,12455.0,,,,,,,54952.0,49125.0,65020.0,53734.0,$123902,$35404,$61088,$48455,,,,,$147718,$12455,,,,,,,$54952,$49125,$65020,$53734
2021,6037554518,Census Tract 5545.18,Cerritos,Los Angeles County,California,Cerritos,127094.0,13204.0,89145.0,57501.0,132822.0,70166.0,,,131711.0,33864.0,,,85686.0,52185.0,,,103113.0,60337.0,85984.0,1461.0,$127094,$13204,$89145,$57501,$132822,$70166,,,$131711,$33864,,,$85686,$52185,,,$103113,$60337,$85984,$1461
2021,6037554519,Census Tract 5545.19,Cerritos,Los Angeles County,California,Cerritos,146718.0,34494.0,133499.0,69009.0,,,,,146235.0,40477.0,,,167300.0,74398.0,175234.0,81522.0,134816.0,44789.0,167174.0,80292.0,$146718,$34494,$133499,$69009,,,,,$146235,$40477,,,$167300,$74398,$175234,$81522,$134816,$44789,$167174,$80292
2021,6037554521,Census Tract 5545.21,Cerritos,Los Angeles County,California,Cerritos,113655.0,14052.0,114018.0,9192.0,108979.0,76033.0,,,136856.0,26879.0,,,50387.0,40719.0,92257.0,79014.0,114815.0,20499.0,84479.0,34915.0,$113655,$14052,$114018,$9192,$108979,$76033,,,$136856,$26879,,,$50387,$40719,$92257,$79014,$114815,$20499,$84479,$34915
2021,6037554522,Census Tract 5545.22,Cerritos,Los Angeles County,California,Cerritos,124280.0,23402.0,143736.0,57076.0,168717.0,76855.0,,,135913.0,42924.0,,,79283.0,14084.0,85692.0,34926.0,141121.0,60085.0,81514.0,4711.0,$124280,$23402,$143736,$57076,$168717,$76855,,,$135913,$42924,,,$79283,$14084,$85692,$34926,$141121,$60085,$81514,$4711
2022,6037554511,Census Tract 5545.11,Cerritos,Los Angeles County,California,Cerritos,153273.0,35567.0,111778.0,45396.0,,,,,143508.0,37503.0,,,97805.0,97669.0,209131.0,50739.0,101322.0,57235.0,111203.0,70833.0,$153273,$35567,$111778,$45396,,,,,$143508,$37503,,,$97805,$97669,$209131,$50739,$101322,$57235,$111203,$70833
2022,6037554512,Census Tract 5545.12,Cerritos,Los Angeles County,California,Cerritos,148178.0,18402.0,134335.0,63453.0,177189.0,108658.0,,,148631.0,12727.0,,,,,207954.0,10330.0,134625.0,52248.0,206689.0,16321.0,$148178,$18402,$134335,$63453,$177189,$108658,,,$148631,$12727,,,,,$207954,$10330,$134625,$52248,$206689,$16321
2022,6037554513,Census Tract 5545.13,Cerritos,Los Angeles County,California,Cerritos,124378.0,27026.0,98341.0,29766.0,,,,,132832.0,29691.0,,,102068.0,41463.0,173578.0,60031.0,102495.0,35705.0,109328.0,98353.0,$124378,$27026,$98341,$29766,,,,,$132832,$29691,,,$102068,$41463,$173578,$60031,$102495,$35705,$109328,$98353
2022,6037554514,Census Tract 5545.14,Cerritos,Los Angeles County,California,Cerritos,135767.0,24053.0,144196.0,83576.0,126250.0,68786.0,,,133980.0,34916.0,,,134634.0,71995.0,,,142186.0,92029.0,157204.0,97037.0,$135767,$24053,$144196,$83576,$126250,$68786,,,$133980,$34916,,,$134634,$71995,,,$142186,$92029,$157204,$97037
2022,6037554515,Census Tract 5545.15,Cerritos,Los Angeles County,California,Cerritos,116652.0,30725.0,93518.0,55760.0,133618.0,45859.0,,,108646.0,43026.0,,,108141.0,83570.0,,,97614.0,61352.0,91498.0,27320.0,$116652,$30725,$93518,$55760,$133618,$45859,,,$108646,$43026,,,$108141,$83570,,,$97614,$61352,$91498,$27320
2022,6037554516,Census Tract 5545.16,Cerritos,Los Angeles County,California,Cerritos,166659.0,31180.0,177791.0,38546.0,,,,,164552.0,44423.0,,,,,,,180051.0,39046.0,,,$166659,$31180,$177791,$38546,,,,,$164552,$44423,,,,,,,$180051,$39046,,
2022,6037554517,Census Tract 5545.17,Cerritos,Los Angeles County,California,Cerritos,132491.0,21326.0,90488.0,61065.0,137977.0,59137.0,,,153253.0,17357.0,,,,,,,90798.0,54307.0,66198.0,57684.0,$132491,$21326,$90488,$61065,$137977,$59137,,,$153253,$17357,,,,,,,$90798,$54307,$66198,$57684
2022,6037554518,Census Tract 5545.18,Cerritos,Los Angeles County,California,Cerritos,115909.0,11102.0,135208.0,45863.0,85300.0,55029.0,,,116251.0,8345.0,,,89001.0,30344.0,,,147687.0,54707.0,86235.0,5958.0,$115909,$11102,$135208,$45863,$85300,$55029,,,$116251,$8345,,,$89001,$30344,,,$147687,$54707,$86235,$5958
2022,6037554519,Census Tract 5545.19,Cerritos,Los Angeles County,California,Cerritos,145240.0,49223.0,157204.0,149841.0,,,,,142168.0,57277.0,,,228237.0,63978.0,97175.0,35116.0,,,228128.0,99067.0,$145240,$49223,$157204,$149841,,,,,$142168,$57277,,,$228237,$63978,$97175,$35116,,,$228128,$99067
2022,6037554521,Census Tract 5545.21,Cerritos,Los Angeles County,California,Cerritos,117641.0,16413.0,117450.0,20026.0,108642.0,42025.0,,,140395.0,28766.0,,,,,116637.0,67782.0,119120.0,26343.0,102830.0,42881.0,$117641,$16413,$117450,$20026,$108642,$42025,,,$140395,$28766,,,,,$116637,$67782,$119120,$26343,$102830,$42881
2022,6037554522,Census Tract 5545.22,Cerritos,Los Angeles County,California,Cerritos,121844.0,15540.0,160837.0,59756.0,123384.0,84491.0,,,123007.0,29735.0,,,79002.0,29079.0,87939.0,57866.0,161141.0,85857.0,85788.0,22334.0,$121844,$15540,$160837,$59756,$123384,$84491,,,$123007,$29735,,,$79002,$29079,$87939,$57866,$161141,$85857,$85788,$22334
2023,6037554511,Census Tract 5545.11,Cerritos,Los Angeles County,California,Cerritos,152136.0,58124.0,84924.0,51523.0,,,,,151962.0,49248.0,,,,,,,73504.0,52793.0,,,$152136,$58124,$84924,$51523,,,,,$151962,$49248,,,,,,,$73504,$52793,,
2023,6037554512,Census Tract 5545.12,Cerritos,Los Angeles County,California,Cerritos,178148.0,40225.0,135850.0,22533.0,177729.0,162662.0,,,179825.0,24320.0,,,,,209307.0,5794.0,134889.0,26482.0,208560.0,33372.0,$178148,$40225,$135850,$22533,$177729,$162662,,,$179825,$24320,,,,,$209307,$5794,$134889,$26482,$208560,$33372
2023,6037554513,Census Tract 5545.13,Cerritos,Los Angeles County,California,Cerritos,129102.0,22982.0,108269.0,28680.0,69299.0,58710.0,,,133517.0,38691.0,,,103172.0,45550.0,170767.0,102065.0,135749.0,66905.0,104693.0,61723.0,$129102,$22982,$108269,$28680,$69299,$58710,,,$133517,$38691,,,$103172,$45550,$170767,$102065,$135749,$66905,$104693,$61723
2023,6037554514,Census Tract 5545.14,Cerritos,Los Angeles County,California,Cerritos,148523.0,9807.0,167413.0,39468.0,147253.0,56609.0,,,145786.0,31746.0,,,134720.0,62280.0,,,168004.0,49517.0,156444.0,94686.0,$148523,$9807,$167413,$39468,$147253,$56609,,,$145786,$31746,,,$134720,$62280,,,$168004,$49517,$156444,$94686
2023,6037554515,Census Tract 5545.15,Cerritos,Los Angeles County,California,Cerritos,108670.0,40193.0,91872.0,42764.0,132504.0,11810.0,,,89481.0,45254.0,,,,,,,93416.0,57558.0,75235.0,48051.0,$108670,$40193,$91872,$42764,$132504,$11810,,,$89481,$45254,,,,,,,$93416,$57558,$75235,$48051
2023,6037554516,Census Tract 5545.16,Cerritos,Los Angeles County,California,Cerritos,168031.0,29205.0,180365.0,18396.0,,,,,160519.0,43575.0,,,,,,,181260.0,3958.0,168561.0,154552.0,$168031,$29205,$180365,$18396,,,,,$160519,$43575,,,,,,,$181260,$3958,$168561,$154552
2023,6037554517,Census Tract 5545.17,Cerritos,Los Angeles County,California,Cerritos,146880.0,15204.0,117092.0,45402.0,137422.0,98670.0,,,165116.0,25447.0,,,,,,,122399.0,46347.0,,,$146880,$15204,$117092,$45402,$137422,$98670,,,$165116,$25447,,,,,,,$122399,$46347,,
2023,6037554518,Census Tract 5545.18,Cerritos,Los Angeles County,California,Cerritos,122713.0,18988.0,147271.0,14356.0,,,,,127900.0,26414.0,,,93666.0,2371.0,133533.0,120951.0,148850.0,27679.0,88600.0,8725.0,$122713,$18988,$147271,$14356,,,,,$127900,$26414,,,$93666,$2371,$133533,$120951,$148850,$27679,$88600,$8725
2023,6037554519,Census Tract 5545.19,Cerritos,Los Angeles County,California,Cerritos,116972.0,42416.0,175638.0,92454.0,115376.0,82930.0,,,118138.0,49030.0,,,,,,,155908.0,127217.0,205692.0,168095.0,$116972,$42416,$175638,$92454,$115376,$82930,,,$118138,$49030,,,,,,,$155908,$127217,$205692,$168095
2023,6037554521,Census Tract 5545.21,Cerritos,Los Angeles County,California,Cerritos,124877.0,15937.0,124555.0,19544.0,108132.0,61435.0,,,140861.0,24707.0,,,,,117276.0,57169.0,120738.0,26292.0,89837.0,66474.0,$124877,$15937,$124555,$19544,$108132,$61435,,,$140861,$24707,,,,,$117276,$57169,$120738,$26292,$89837,$66474
2023,6037554522,Census Tract 5545.22,Cerritos,Los Angeles County,California,Cerritos,134219.0,35248.0,172772.0,31568.0,167749.0,104624.0,,,134973.0,35923.0,,,78513.0,10264.0,121395.0,52144.0,172605.0,41382.0,84992.0,32159.0,$134219,$35248,$172772,$31568,$167749,$104624,,,$134973,$35923,,,$78513,$10264,$121395,$52144,$172605,$41382,$84992,$32159
2024,6037554511,Census Tract 5545.11,Cerritos,Los Angeles County,California,Cerritos,146250.0,37895.0,99327.0,46403.0,,,,,134808.0,39622.0,,,,,,,99327.0,55015.0,,,$146250,$37895,$99327,$46403,,,,,$134808,$39622,,,,,,,$99327,$55015,,
2024,6037554512,Census Tract 5545.12,Cerritos,Los Angeles County,California,Cerritos,181179.0,26856.0,140260.0,28993.0,170000.0,46565.0,,,187560.0,36191.0,,,,,208160.0,23922.0,136190.0,28777.0,207571.0,20801.0,$181179,$26856,$140260,$28993,$170000,$46565,,,$187560,$36191,,,,,$208160,$23922,$136190,$28777,$207571,$20801
2024,6037554513,Census Tract 5545.13,Cerritos,Los Angeles County,California,Cerritos,143594.0,37023.0,111250.0,108963.0,91250.0,84483.0,,,149091.0,40678.0,,,,,,,161250.0,103491.0,171250.0,125851.0,$143594,$37023,$111250,$108963,$91250,$84483,,,$149091,$40678,,,,,,,$161250,$103491,$171250,$125851
2024,6037554514,Census Tract 5545.14,Cerritos,Los Angeles County,California,Cerritos,146946.0,12858.0,168942.0,43386.0,146401.0,39353.0,,,143269.0,24817.0,,,132688.0,63996.0,202174.0,178963.0,168397.0,47881.0,168333.0,100941.0,$146946,$12858,$168942,$43386,$146401,$39353,,,$143269,$24817,,,$132688,$63996,$202174,$178963,$168397,$47881,$168333,$100941
2024,6037554515,Census Tract 5545.15,Cerritos,Los Angeles County,California,Cerritos,89161.0,11468.0,97171.0,22009.0,,,,,87774.0,15620.0,,,,,39079.0,28030.0,96513.0,18832.0,65313.0,39127.0,$89161,$11468,$97171,$22009,,,,,$87774,$15620,,,,,$39079,$28030,$96513,$18832,$65313,$39127
2024,6037554516,Census Tract 5545.16,Cerritos,Los Angeles County,California,Cerritos,165357.0,42479.0,180824.0,26929.0,,,,,165298.0,56500.0,,,,,111765.0,92011.0,180824.0,26929.0,,,$165357,$42479,$180824,$26929,,,,,$165298,$56500,,,,,$111765,$92011,$180824,$26929,,
2024,6037554517,Census Tract 5545.17,Cerritos,Los Angeles County,California,Cerritos,136435.0,16872.0,92292.0,80890.0,136944.0,38126.0,,,153906.0,19746.0,,,,,,,95278.0,90771.0,,,$136435,$16872,$92292,$80890,$136944,$38126,,,$153906,$19746,,,,,,,$95278,$90771,,
2024,6037554518,Census Tract 5545.18,Cerritos,Los Angeles County,California,Cerritos,117120.0,20906.0,168333.0,38224.0,86250.0,52184.0,,,122250.0,23465.0,,,94157.0,15078.0,,,169792.0,46316.0,92878.0,8722.0,$117120,$20906,$168333,$38224,$86250,$52184,,,$122250,$23465,,,$94157,$15078,,,$169792,$46316,$92878,$8722
2024,6037554519,Census Tract 5545.19,Cerritos,Los Angeles County,California,Cerritos,115058.0,22187.0,195729.0,58003.0,150208.0,131016.0,,,116134.0,28929.0,,,,,95972.0,78913.0,195729.0,58003.0,,,$115058,$22187,$195729,$58003,$150208,$131016,,,$116134,$28929,,,,,$95972,$78913,$195729,$58003,,
2024,6037554521,Census Tract 5545.21,Cerritos,Los Angeles County,California,Cerritos,122148.0,13244.0,117765.0,5313.0,102500.0,73372.0,,,154615.0,49079.0,,,115720.0,54124.0,117981.0,70539.0,117262.0,4496.0,108393.0,48656.0,$122148,$13244,$117765,$5313,$102500,$73372,,,$154615,$49079,,,$115720,$54124,$117981,$70539,$117262,$4496,$108393,$48656
2024,6037554522,Census Tract 5545.22,Cerritos,Los Angeles County,California,Cerritos,122243.0,40848.0,161786.0,50011.0,,,,,121989.0,42204.0,,,79561.0,75169.0,193750.0,171281.0,161161.0,60612.0,79627.0,76918.0,$122243,$40848,$161786,$50011,,,,,$121989,$42204,,,$79561,$75169,$193750,$171281,$161161,$60612,$79627,$76918
